--crs_reference_code
insert into crs_reference_code(ID,CODE_ENTITY_IDENTIFIER,CODE,CODE_NAME,ENG_DESCRIPTION,PARENT_CODE_ID,EFFECTIVE_TS, CREATE_USER) values(1,'APPLICATION','DB-LOG-RS','DB-LOG-RS',null,null,CURRENT_TIMESTAMP, 'test');
insert into crs_reference_code(ID,CODE_ENTITY_IDENTIFIER,CODE,CODE_NAME,ENG_DESCRIPTION,PARENT_CODE_ID,EFFECTIVE_TS, CREATE_USER) values(2,'APPLICATION','DB-CONFIG-RS','DB-CONFIG-RS',null,null,CURRENT_TIMESTAMP, 'test');
insert into crs_reference_code(ID,CODE_ENTITY_IDENTIFIER,CODE,CODE_NAME,ENG_DESCRIPTION,PARENT_CODE_ID,EFFECTIVE_TS, CREATE_USER) values(3,'APPLICATION','EMAIL-RS','EMAIL-RS',null,null,CURRENT_TIMESTAMP, 'test');
insert into crs_reference_code(ID,CODE_ENTITY_IDENTIFIER,CODE,CODE_NAME,ENG_DESCRIPTION,PARENT_CODE_ID,EFFECTIVE_TS, CREATE_USER) values(4,'APPLICATION','LTC-COMMON-RS','LTC-COMMON-RS',null,null,CURRENT_TIMESTAMP, 'test');
insert into crs_reference_code(ID,CODE_ENTITY_IDENTIFIER,CODE,CODE_NAME,ENG_DESCRIPTION,PARENT_CODE_ID,EFFECTIVE_TS, CREATE_USER) values(5,'APPLICATION','TRACS','TRACS',null,null,CURRENT_TIMESTAMP, 'test');
insert into crs_reference_code(ID,CODE_ENTITY_IDENTIFIER,CODE,CODE_NAME,ENG_DESCRIPTION,PARENT_CODE_ID,EFFECTIVE_TS, CREATE_USER) values(6,'APPLICATION','SECURITY-RS','SECURITY-RS',null,null,CURRENT_TIMESTAMP, 'test');

--APPLICATION_CONTROL_PARAMETER
insert into APPLICATION_CONTROL_PARAMETER(ID,APPLICATION_IDENTIFIER,PARAMETER_NAME,PARAMETER_VALUE,APPLICATION_ENVIRONMENT_NAME, EFFECTIVE_TS, CREATE_USER) values(1,'SAMPLE-WEB-APP','CIDE-WHITE-LIST','10.10.10.10','DEFAULT',CURRENT_TIMESTAMP, 'test');

--application users
insert into APPLICATION_USER (ID, CIDR_WHITE_LIST, HASHED_PASSWORD, EMAIL_ADDRESS, LOGIN_ID, EFFECTIVE_TS) values (1, NULL, NULL, 'a@jappcore.ca', 'a@jappcore.ca', CURRENT_TIMESTAMP);

--application user district
insert into APPLICATION_USER_APPLICATION (ID, APPLICATION_USER_ID, APPLICATION_ID, EFFECTIVE_TS) values (1, 1, 6, CURRENT_TIMESTAMP);
insert into APPLICATION_USER_APPLICATION (ID, APPLICATION_USER_ID, APPLICATION_ID, EFFECTIVE_TS) values (2, 5, 1, CURRENT_TIMESTAMP);
insert into APPLICATION_USER_APPLICATION (ID, APPLICATION_USER_ID, APPLICATION_ID, EFFECTIVE_TS) values (3, 5, 3, CURRENT_TIMESTAMP);
insert into APPLICATION_USER_APPLICATION (ID, APPLICATION_USER_ID, APPLICATION_ID, EFFECTIVE_TS) values (4, 5, 4, CURRENT_TIMESTAMP);

--business roles
insert into BUSINESS_ROLE (ID, ROLE_NAME, EFFECTIVE_TS) values (1, 'crs.br.program.admin', CURRENT_TIMESTAMP);
insert into BUSINESS_ROLE (ID, ROLE_NAME, EFFECTIVE_TS) values (2, 'crs.br.app.admin', CURRENT_TIMESTAMP);
insert into BUSINESS_ROLE (ID, ROLE_NAME, EFFECTIVE_TS) values (3, 'crs.br.it.support', CURRENT_TIMESTAMP);

--application roles
insert into APPLICATION_ROLE (ID, ROLE_NAME, ROLE_DESCRIPTION, EFFECTIVE_TS) values (1, 'crs.ar.user.view', 'viewAccount', CURRENT_TIMESTAMP);
insert into APPLICATION_ROLE (ID, ROLE_NAME, ROLE_DESCRIPTION, EFFECTIVE_TS) values (2, 'crs.ar.user.save', 'saveAccount', CURRENT_TIMESTAMP);
insert into APPLICATION_ROLE (ID, ROLE_NAME, ROLE_DESCRIPTION, EFFECTIVE_TS) values (3, 'crs.ar.notification.send', 'crs.ar.notification.send', CURRENT_TIMESTAMP);
insert into APPLICATION_ROLE (ID, ROLE_NAME, ROLE_DESCRIPTION, EFFECTIVE_TS) values (4, 'crs.ar.it.viewlog', 'crs.ar.it.viewlog', CURRENT_TIMESTAMP);

-- BUSINESS_ROLE_APPLICATION_ROLE
insert into BUSINESS_ROLE_APPLICATION_ROLE (ID, APPLICATION_ROLE_ID, BUSINESS_ROLE_ID, EFFECTIVE_TS) values (1, 1, 1, CURRENT_TIMESTAMP);
insert into BUSINESS_ROLE_APPLICATION_ROLE (ID, APPLICATION_ROLE_ID, BUSINESS_ROLE_ID, EFFECTIVE_TS) values (2, 2, 1, CURRENT_TIMESTAMP);
insert into BUSINESS_ROLE_APPLICATION_ROLE (ID, APPLICATION_ROLE_ID, BUSINESS_ROLE_ID, EFFECTIVE_TS) values (3, 3, 1, CURRENT_TIMESTAMP);
insert into BUSINESS_ROLE_APPLICATION_ROLE (ID, APPLICATION_ROLE_ID, BUSINESS_ROLE_ID, EFFECTIVE_TS) values (4, 4, 1, CURRENT_TIMESTAMP);
insert into BUSINESS_ROLE_APPLICATION_ROLE (ID, APPLICATION_ROLE_ID, BUSINESS_ROLE_ID, EFFECTIVE_TS) values (5, 1, 2, CURRENT_TIMESTAMP);
insert into BUSINESS_ROLE_APPLICATION_ROLE (ID, APPLICATION_ROLE_ID, BUSINESS_ROLE_ID, EFFECTIVE_TS) values (6, 3, 2, CURRENT_TIMESTAMP);
insert into BUSINESS_ROLE_APPLICATION_ROLE (ID, APPLICATION_ROLE_ID, BUSINESS_ROLE_ID, EFFECTIVE_TS) values (7, 3, 3, CURRENT_TIMESTAMP);

--APPLICATION_USER_BUSINESS_ROLE
insert into APPLICATION_USER_BUSINESS_ROLE (ID, APPLICATION_USER_ID, BUSINESS_ROLE_ID, EFFECTIVE_TS) values (1, 1, 1, CURRENT_TIMESTAMP);
insert into APPLICATION_USER_BUSINESS_ROLE (ID, APPLICATION_USER_ID, BUSINESS_ROLE_ID, EFFECTIVE_TS) values (2, 2, 2, CURRENT_TIMESTAMP);
insert into APPLICATION_USER_BUSINESS_ROLE (ID, APPLICATION_USER_ID, BUSINESS_ROLE_ID, EFFECTIVE_TS) values (3, 5, 3, CURRENT_TIMESTAMP);
insert into APPLICATION_USER_BUSINESS_ROLE (ID, APPLICATION_USER_ID, BUSINESS_ROLE_ID, EFFECTIVE_TS) values (4, 5, 1, CURRENT_TIMESTAMP);



